specification_description,work_category
OBLITERATING ABANDONED ROAD,EARTHWORK
BACKFILLING PAVEMENT EDGES,PAVEMENT
SPECIALIZED EXCAVATION WORK,EARTHWORK
SEEDING FOR EROSION CONTROL,LANDSCAPE
SUPERPAVE MIXTURES,PAVEMENT
MICROSURFACING,PAVEMENT
PREFABRICATED PEDESTRIAN STEEL TRUSS BRIDGE SPAN,STRUCTURES
TRENCH DRAIN,DRAINAGE
CATTLE GUARD,SITE_WORK
REMOVE AND RE-LAY EXISTING STONE RIPRAP,DRAINAGE
INSTALL BRIDGE IDENTIFICATION NUMBERS,STRUCTURES
CURED-IN-PLACE PIPE (CIPP) (DRAINAGE STRUCTURES),DRAINAGE
REINFORCED CONCRETE LOW-HEAD PRESSURE PIPE (MATERIAL ONLY),DRAINAGE
FENDER PILE ANODES,SAFETY
CONCRETE SOUND (NOISE) WALLS,STRUCTURES
MICROPILING,STRUCTURES
RAIL (PEDESTRIAN),STRUCTURES
"JACKING, BORING, OR TUNNELING PIPE OR BOX",DRAINAGE
CONDRETE BRIDGE DECK SURFACING,STRUCTURES
TUNNEL CONSTRUCTION BY MICROTUNNEL BORING MACHINE,DRAINAGE
PATCHING MILLED CONCRETE RUMBLE STRIPS,TRAFFIC_CONTROL
SIDEWALK CONSTRUCTION NEXT TO HISTORIC RESOURCES,SITE_WORK
DUMPSTER ENCLOSURE,SITE_WORK
COLORED TEXTURED CONCRETE AND LANDSCAPE PAVERS,LANDSCAPE
MILLED RUMBLE STRIPS,TRAFFIC_CONTROL
CONCRETE MEDIANS AND DIRECTIONAL ISLANDS,PAVEMENT
RIGHT OF WAY MARKERS,TRAFFIC_CONTROL
CHAIN LINK FENCE,SITE_WORK
DYNAMIC LED CURVE WARNING SYSTEM W/LED ADVANCE CURVE WARNING SIGN,SIGNALS
SMALL ROADSIDE SIGN ASSEMBLIES,TRAFFIC_CONTROL
SHIFTING OR REMOVING EXISTING OVERHEAD SIGNS,TRAFFIC_CONTROL
MULTIPOLYMER PAVEMENT MARKINGS WITH WARRANTY,TRAFFIC_CONTROL
DYNAMIC LED CHEVRON SYSTEM,SIGNALS
RELOCATE INTELLIGENT TRANSPORTATION SYSTEM (ITS) HUB EQUIPMENT,SIGNALS
ROAD WEATHER INFORMATION SYSTEM,SIGNALS
RADAR DETECTOR AND COMMUNICATION CABLE,SIGNALS
GROUND BOXES,SIGNALS
"ALL-WEATHER, PATTERNED THERMOPLASTIC PAVEMENT MARKINGS",TRAFFIC_CONTROL
REMOVE DYNAMIC MESSAGE SIGN SYSTEM,SIGNALS
SYSTEM INTEGRATION,SIGNALS
WORK ZONE PAVEMENT MARKINGS,TRAFFIC_CONTROL
AUTOMATIC PUMPING STATION,DRAINAGE
"CLEANING GUARDRAIL, ATTENUATORS AND ASSOCIATED DRAINAGE FLUMES",SAFETY
TREE AND BRUSH REMOVAL,LANDSCAPE
SOIL RETENTION BLANKETS,LANDSCAPE
CRACK ATTENUATING MIXTURE,PAVEMENT
SOIL DENSIFICATION AND RAISING CONCRETE SLABS WITH HIGH-DENSITY POLYURETHANE FOAM (HDPF),PAVEMENT
NEXT GENERATION CONCRETE SURFACE (NGCS) GRINDING,PAVEMENT
FULL-DEPTH RECLAMATION USING ASPHALT EMULSION (ROAD-MIXED),PAVEMENT
ELASTOMERIC BEARING PADS,STRUCTURES
REINFORCED CONCRETE LOW-HEAD PRESSURE PIPE,DRAINAGE
TEMPORARY DETOUR BRIDGE,TRAFFIC_CONTROL
ORNAMENTAL STEEL FENCE,SITE_WORK
NOISE WALL,STRUCTURES
FENDER SYSTEM,SAFETY
SOIL NAIL ANCHORS,EARTHWORK
ORNAMENTAL STEEL STRUCTURE (WALL- AND GROUND-MOUNTED),STRUCTURES
TUNNELS AND SHAFTS,STRUCTURES
SURFACE FINISHES FOR CONCRETE,STRUCTURES
CONCRETE STRUCTURE REPAIR,STRUCTURES
"JACKING, BORING, OR TUNELLING PIPE OR BOX",DRAINAGE
PIPE OR DRAINS,DRAINAGE
VEHICLE ARRESTING BARRIER,SAFETY
RAILROAD TRACK CONSTRUCTION,SITE_WORK
ONE-WAY TRAFFIC CONTROL,TRAFFIC_CONTROL
GATE (INSTALL),SITE_WORK
WIRE FENCE (SPECIAL),SITE_WORK
DYNAMIC MESSAGE SIGN SYSTEM,SIGNALS
INTELLIGENT TRANSPORTATION SYSTEM (ITS) FIBER OPTIC CABLE,SIGNALS
INTELLIGENT TRANSPORTATION SYSTEM (ITS) POLE WITH CABINET,SIGNALS
WIRELESS WRONG WAY DRIVER SYSTEM,SIGNALS
MULTIPOLYMER PAVEMENT MARKINGS (MPM),TRAFFIC_CONTROL
TRAFFIC DATA COLLECTION SYSTEM - VEHICLE CLASSIFICATION (TDCS-VC),SIGNALS
BLUETOOTH READER,SIGNALS
TERMINAL SERVER,SIGNALS
CCTV CAMERA POLE STRUCTURE,SIGNALS
REMOVE EXISTING CABLES,SIGNALS
FIBER HUB (IP),SIGNALS
VIDEO IMAGING AND RADAR VEHICLE DETECTION SYSTEM,SIGNALS
LED AESTHETIC LIGHT ASSEMBLY,SIGNALS
DYNAMIC LED CURVE WARNING SYSTEM,SIGNALS
DECORATIVE LIGHTING ASSEMBLY,SIGNALS
HIGHWAY TRAFFIC SIGNALS,SIGNALS
DIESEL ELECTRIC FERRY,SITE_WORK
PAVEMENT MARKING CLEANING,TRAFFIC_CONTROL
SANITARY SEWER,UTILITIES
BYPASS PUMPING,UTILITIES
SHEET PILING (MATERIALS ONLY),STRUCTURES
PRE-ENGINEERED BUILDING (METAL CANOPY),SITE_WORK
LANDSCAPE SOIL AMENDMENT,LANDSCAPE
SUBGRADE WIDENING,EARTHWORK
BULLDOZER WORK,EARTHWORK
SODDING FOR EROSION CONTROL,LANDSCAPE
ASPHALT TREATMENT (PLANT-MIXED),PAVEMENT
SPRAY APPLIED UNDERSEAL MEMBRANE,PAVEMENT
BONDING COURSE,PAVEMENT
SOIL DENSIFICATION AND RAISING ASPHALT PAVEMENT WITH HIGH DENSITY POLYURETHANE FOAM (HDPF),PAVEMENT
SEAL COAT,PAVEMENT
PLANING AND TEXTURING PAVEMENT,PAVEMENT
TRUSS BRIDGE,STRUCTURES
STENCILING PERMANENT STRUCTURE NUMBERS,STRUCTURES
PREFABRICATED PEDESTRIAN STEEL TRUSS BRIDGE SPANS,STRUCTURES
PRECAST POST-TENSIONED CONCRETE PAVEMENT,PAVEMENT
POST-TENSIONING,STRUCTURES
RIPRAP,DRAINAGE
JARRELL-SCHWERTNER WATER SUPPLY WATER UTILITIES,UTILITIES
STONE MASONRY (FACADE MASONRY),STRUCTURES
REMOVE AND REPLACE LANDSCAPE FENCE,LANDSCAPE
NETWORKING INTELLIGENT TRANSPORTATION SYSTEM (ITS) COMMUNICATION CABLE,SIGNALS
COFW EMERGENCY VEHICLE (EV) PREEMPT (INSTALLATION ONLY),SIGNALS
INTELLIGENT TRANSPORTATION SYSTEM (ITS) GROUND-MOUNTED CABINET,SIGNALS
DECORATIVE ILLUMINATION ASSEMBLY (PILASTER),SIGNALS
LIGHTNING PROTECTION SYSTEM,SIGNALS
PORTABLE TRAFFIC SIGNAL,SIGNALS
EXISTING TRAFFIC MANAGEMENT EQUIPMENT,SIGNALS
FISH EYE DETECTION SYSTEM (FEDS),SIGNALS
INTELLIGENT TRANSPORTATION SYSTEM (ITS) MULTI-DUCT CONDUIT,SIGNALS
PEDESTRIAN ILLUMINATION,SIGNALS
ROADWAY WEATHER INFORMATION SYSTEM,SIGNALS
LINEAR DELINEATION SYSTEM,TRAFFIC_CONTROL
SOLAR POWERED LED ROADWAY LUMINAIRE ASSEMBLIES,SIGNALS
PEDESTRIAN DETECTORS AND VEHICLE LOOP DETECTORS,SIGNALS
HORIZONTAL DIRECTIONAL DRILLING,UTILITIES
WATER AND WASTEWATER MAIN REPLACEMENTS AND ADJUSTMENTS,UTILITIES
METAL RAIL REPAIR,STRUCTURES
CARBON FIBER REINFORCED POLYMER (CFRP),STRUCTURES
"ASPHALTS, OILS, AND EMULSIONS (MATERIALS ONLY)",PAVEMENT
"HERBICIDE, INSECTICIDES, AND ADDITIVES (MATERIALS ONLY)",LANDSCAPE
IRRIGATION SYSTEM,LANDSCAPE
LANDSCAPE PLANTING,LANDSCAPE
ASPHALT-STABILIZED FLEXIBLE BASE,PAVEMENT
FLEXIBLE BASE,PAVEMENT
RAISING AND UNDERSEALING CONCRETE SLABS WITH FOAM SYSTEMS,PAVEMENT
DECOMPOSED GRANITE PAVING MATERIALS,PAVEMENT
BALLASTED TRACK CONSTRUCTION AND REHABILITATION,SITE_WORK
POLYESTER POLYMER CONCRETE BRIDGE DECK OVERLAY,STRUCTURES
BRIDGE EXPANSION JOINTS,STRUCTURES
BIRD DETERRENT,LANDSCAPE
MOVEABLE CONCRETE TRAFFIC BARRIER SYSTEM,SAFETY
MOVEABLE TRAFFIC BARRIER,SAFETY
RELOCATE FIRE HYDRANT,UTILITIES
WATER VALVE ADJUSTMENTS,UTILITIES
RUBBERIZED SURFACING,PAVEMENT
CABLE BARRIER SYSTEM,SAFETY
RIDE QUALITY FOR PAVEMENT SURFACES,PAVEMENT
DEAD END ROADWAY BARRICADE,TRAFFIC_CONTROL
AT&T TELECOMMUNICATION SYSTEM,UTILITIES
AUTOMATED PORTABLE SMART TRAFFIC MONITORING SYSTEM,SIGNALS
ETHERNET CABLE AND CONNECTORS,SIGNALS
DRIVEWAY ASSISTANCE DEVICE (DAD) SYSTEM,SIGNALS
DRIVER FEEDBACK SPEED SIGN ASSEMBLY,SIGNALS
INTELLIGENT TRANSPORTATION SYSTEM (ITS) GROUND BOXES,SIGNALS
HIGH MAST ASSEMBLY FOR INTELLIGENT TRAFFIC SYSTEM (ITS),SIGNALS
PORTABLE ROADWAY ILLUMINATION,SIGNALS
OVERHEAD SIGN SUPPORTS,TRAFFIC_CONTROL
ARCHITECTURAL LIGHTING ASSEMBLY,SIGNALS
SIGN WALKWAYS,TRAFFIC_CONTROL
POTHOLE REPAIR,PAVEMENT
JANITORIAL MAINTENANCE,SITE_WORK
SANITARY SEWERS,UTILITIES
TRAVEL INFORMATION CENTER,SITE_WORK
HIGH PRESSURE WATERBLASTING SYSTEM,SITE_WORK
MISCELLANEOUS STATE USE WORK,SITE_WORK
WATER UTILITIES,UTILITIES
CLEANING AND SEALING JOINTS AND CRACKS (ASPHALT CONCRETE),PAVEMENT
CLEANING AND SEALING JOINTS AND CRACKS (ASPHALT PAVEMENT),PAVEMENT
AUTOMATIC PUMP STATION,DRAINAGE
ATTENUATOR REPAIR,SAFETY
TREATMENT FOR ASR-AFFECTED CONCRETE,STRUCTURES
FLOWABLE BACKFILL (MATERIALS ONLY),EARTHWORK
FLEXIBLE BASE (MATERIALS ONLY),PAVEMENT
HOT-MIX COLD-LAID ASPHALT CONCRETE PAVEMENT (MATERIAL ONLY),PAVEMENT
WEIGH-IN-MOTION AND CLASSIFICATION PARTS (MATERIALS ONLY),SIGNALS
PRE-ENGINEERED BUILDINGS,SITE_WORK
"IRRIGATION WELLS, GATES, AND VALVES",LANDSCAPE
EMULSIFIED ASPHALT TREATMENT (ROAD-MIXED),PAVEMENT
UNDERSEAL COURSE,PAVEMENT
PRIME COAT,PAVEMENT
STONE-MATRIX ASPHALT,PAVEMENT
REPAIR OF CONCRETE PAVEMENT,PAVEMENT
INWATER COLUMN OR PILING ENCAPSULATION,STRUCTURES
DRILLED SHAFT FOUNDATIONS,STRUCTURES
PNEUMATICALLY PACED CONCRETE,PAVEMENT
CORRUGATED METAL PIPE,DRAINAGE
REINFORCED CONCRETE PIPE,DRAINAGE
IMPERMEABLE LINER,DRAINAGE
SIDEWALKS,SITE_WORK
INTELLIGENT TRANSPORTATION SYSTEM (ITS) RADAR VEHICLE SENSING DEVICE,SIGNALS
INTELLIGENT TRANSPORTATION SYSTEM (ITS) RADIO,SIGNALS
TEMPORARY SPEED MONITORING SYSTEM,SIGNALS
INSTALLATION OF ITS NETWORK EQUIPMENT,SIGNALS
WRONG WAY DRIVER AI VISUAL SENSOR CAMERA AND EQUIPMENT,SIGNALS
INCIDENT MANAGEMENT,TRAFFIC_CONTROL
CCTV ON HIGH MAST ILLUMINATION ASSEMBLY,SIGNALS
DRUM SIGN ASSEMBLY,TRAFFIC_CONTROL
HIGH MAST ILLUMINATION ASSEMBLIES,SIGNALS
TEMPORARY ROADWAY ILLUMINATION,SIGNALS
HIGHWAY TRAFFIC SIGNALS (CITY OF FORT WORTH),SIGNALS
LED DECORATIVE ILLUMINATION ASSEMBLY,SIGNALS
DECORATIVE WALL LIGHTING (DOWNLIGHT),SIGNALS
RAIL (HANDRAIL) (SPL),STRUCTURES
RETROREFLECTORIZED PAVEMENT MARKINGS,TRAFFIC_CONTROL
PEDESTAL POLE ASSEMBLIES,SIGNALS
ACCESS CONTROL SYSTEM SOFTWARE AND FIRMWARE,SIGNALS
PERFORMANCE BASED OPERATIONS AND MAINTENANCE OF MANAGED LANES,SIGNALS
BRIDGE SUBSTRUCTURE CLEANING,STRUCTURES
SANITARY SEWER AND WATER LINE,UTILITIES
VORTEX DROP AND VENTILATION PIPE,DRAINAGE
PREPARING RIGHT OF WAY,EARTHWORK
LANDSCAPE MAINTENANCE,LANDSCAPE
LANDSCAPE TREATMENT,LANDSCAPE
DISPOSAL OF WELLS,UTILITIES
EMBANKMENT,EARTHWORK
FERTILIZER,LANDSCAPE
SNOW AND ICE CONTROL,SITE_WORK
FILTER FABRIC,LANDSCAPE
RUBBLIZING EXISTING CONCRETE PAVEMENT,PAVEMENT
THIN BONDED FRICTION COURSES,PAVEMENT
SOIL DENSIFICATION AND RAISING CONCRETE SLABS WITH HIGH DENSITY POLYURETHANE FOAM (HDPF),PAVEMENT
FOG SEAL,PAVEMENT
LIMESTONE ROCK ASPHALT PAVEMENT,PAVEMENT
DENSE-GRADED HOT-MIX ASPHALT (SMALL QUANTITY),PAVEMENT
CLEANING AND SEALING JOINTS,PAVEMENT
ADJUSTING STEEL SHOES,STRUCTURES
STEEL FENCE,SITE_WORK
ASBESTOS ABATEMENT,SITE_WORK
LEAD-CONTAINING COATING MANAGEMENT,STRUCTURES
STONE MASONRY REPAIR,STRUCTURES
VERTICAL AXIAL OR MIXED FLOW PUMP STATION,DRAINAGE
LEAD CONTAINING COATING MANAGEMENT,STRUCTURES
CONSTRUCTION ADMINISTRATIVE SOFTWARE,SITE_WORK
VIDEO IMAGING VEHICLE DETECTION SYSTEM,SIGNALS
PREVENTATIVE MAINTENANCE OF SOLAR POWERED ROADSIDE FLASHING BEACON ASSEMBLIES,SIGNALS
BLUETOOTH DETECTION SYSTEM,SIGNALS
LED ROADSIDE SIGN,TRAFFIC_CONTROL
INTELLIGENT TRANSPORTATION SYSTEM (ITS) MEDIA CONVERTER,SIGNALS
TEMPORARY CONSTRUCTION EQUIPMENT ALERT SYSTEM,TRAFFIC_CONTROL
FULL-COLOR DYNAMIC MESSAGE SIGN SYSTEM,SIGNALS
ETHERNET SWITCH (FURNISH & INSTALL),SIGNALS
INTELLIGENT TRANSPORTATION SYSTEM (ITS) FIBERGLASS CONDUIT,SIGNALS
TELECOMMUNICATION SYSTEM,UTILITIES
LED PEDESTRIAN ILLUMINATION ASSEMBLY,SIGNALS
VEHICLE AND PEDESTRIAN SIGNAL HEADS,SIGNALS
MAINTENANCE OF TRAFFIC SIGNALS,SIGNALS
GROUNDS MAINTENANCE,LANDSCAPE
CURB INLET SEDIMENT CONTROL DEVICE,LANDSCAPE
AUTOMATIC STORM WATER PUMP STATION,DRAINAGE
SLIP LINING PIPE OR BOX CULVERTS,DRAINAGE
"MECHANICAL, ELECTRICAL, PLUMBING AND WASTEWATER SYSTEMS UPGRADE",UTILITIES
CLEANING AND SWEEPING HIGHWAYS,SITE_WORK
LIMESTONE ROCK ASPHALT (MATERIALS ONLY),PAVEMENT
Traffic Paint and Glass Beads (Materials Only),TRAFFIC_CONTROL
LIME (MATERIALS ONLY),EARTHWORK
LOOSE AGGREGATE FOR GROUNDCOVER,LANDSCAPE
DECOMPOSED GRANITE,LANDSCAPE
FULL-DEPTH RECLAMATION USING FOAMED ASPHALT (ROAD-MIXED),PAVEMENT
INTERLOCKING ARTICULATING CONCRETE BLOCKS,DRAINAGE
TRENCH EXCAVATION PROTECTION,EARTHWORK
WALL WITH METAL FENCE AND PANELS,STRUCTURES
PRESSURE-INJECTED CORROSION MITIGATION OF POST-TENSIONED CABLES,STRUCTURES
SPRAY-APPLIED PIPE LINER (SAPL),DRAINAGE
PRECAST LONG SPAN CULVERT STRUCTURES,DRAINAGE
ROCK NAIL ANCHORS,EARTHWORK
PNEUMATICALLY PLACED CONCRETE,PAVEMENT
RAILING,STRUCTURES
"FRAMES, GRATES, RINGS AND COVERS",DRAINAGE
LINEAR DRAINS,DRAINAGE
MOBILIZATION,SITE_WORK
STAINLESS STEEL FLAP GATE,DRAINAGE
SUBSURFACE UTILITY LOCATE,UTILITIES
PERMANENT CONCRETE TRAFFIC BARRIER,SAFETY
DART TRACKS AND SYSTEMS,SITE_WORK
METAL BUILDING,SITE_WORK
REMOVING METAL BEAM GUARD FENCE,SAFETY
MAILBOX ASSEMBLIES,TRAFFIC_CONTROL
ILLUMINATION MAINTENANCE,SIGNALS
LED INTERNALLY LIGHTED STREET NAME SIGNS,TRAFFIC_CONTROL
SOLAR POWERED LED ROADSIDE SIGN,TRAFFIC_CONTROL
CLOSED CIRCUIT TELEVISION (CCTV) FIELD EQUIPMENT,SIGNALS
LONGITUDINAL PREFABRICATED PAVEMENT MARKINGS (PPM) WITH WARRANTY,TRAFFIC_CONTROL
MULTIPOLYMER PAVEMENT MARKINGS (MPM) WITH WARRANTY,TRAFFIC_CONTROL
RECESSED PAVEMENT MARKERS,TRAFFIC_CONTROL
INSTALLATION OF TRAFFIC MANAGEMENT EQUIPMENT,SIGNALS
WRONG WAY DRIVER DETECTION SYSTEM,SIGNALS
LARGE ROADSIDE SIGN ASSEMBLIES,TRAFFIC_CONTROL
REFLECTORIZED PAVEMENT MARKINGS WITH RETROREFLECTIVE REQUIREMENTS FOR SEAL COAT PROJECTS,TRAFFIC_CONTROL
COFW CELLULAR ROUTER (INST ONLY),SIGNALS
SINGLE LINE DYNAMIC MESSAGE SIGN SYSTEM,SIGNALS
MODIFYING EXISTING ELECTRICAL SERVICES,SIGNALS
RESIDENTIAL DRIVEWAY TEMPORARY SIGNAL (RDTS) SYSTEM,SIGNALS
TEMPORARY INCIDENT DETECTION AND SURVEILLANCE SYSTEM,SIGNALS
ROADWAY ILLUMINATION POLE ASSEMBLIES,SIGNALS
ADAPTIVE TRAFFIC SIGNAL CONTROL SYSTEM,SIGNALS
LOOP DETECTOR REPAIR OR REPLACEMENT,SIGNALS
INTELLIGENT TRANSPORTATION SYSTEM (ITS) EQUIPMENT,SIGNALS
SOLAR POWERED RECTANGULAR RAPID FLASHING BEACONS (RRFB),SIGNALS
HARDENED ETHERNET SWITCH TYPE 2,SIGNALS
CELLULAR MODEM FOR TPAS PROJECT,SIGNALS
TEMPORARY OVERHEAD ELECTRICAL WIRING SYSTEM,SIGNALS
PAVEMENT SURFACE PREPARATION FOR MARKINGS,TRAFFIC_CONTROL
MOBILIZATION OF MARINE OPERATIONS AND SYSTEM REPAIR,SITE_WORK
"HIGH PRESSURE WATER BLASTING SYSTEM 6""",UTILITIES
WATER FILLED BARRIER,SAFETY
CLEANING AND SEALING JOINTS AND CRACKS (CONCRETE PAVEMENT),PAVEMENT
BRIDGE STRUCTURE CLEANING,STRUCTURES
FACILITY AND BUILDINGS AT PRESIDIO RAIL CROSSING,SITE_WORK
CONCRETE BEAM REPAIR,STRUCTURES
TRAFFIC PAINT AND GLASS BEADS (MATERIALS ONLY),TRAFFIC_CONTROL
HYDRAULIC CEMENT (MATERIALS ONLY),PAVEMENT
DELINEATOR AND OBJECT MARKER ASSEMBLIES (MATERIALS ONLY),TRAFFIC_CONTROL
GSA ILLUMINATION ASSEMBLIES,SIGNALS
WILDFLOWER SEEDING,LANDSCAPE
CEMENT TREATMENT (PLANT-MIXED),PAVEMENT
PERMEABLE FRICTION COURSE (PFC),PAVEMENT
FULL-DEPTH REPAIR OF CONCRETE PAVEMENT,PAVEMENT
THERMAL INTEGRITY PROFILER (TIP) TESTING OF DRILLED SHAFTS,STRUCTURES
FLEX VALVE (SLIP-TYPE),DRAINAGE
ULTRA-HIGH PERFORMANCE CONCRETE (UHPC),STRUCTURES
DECK DRAINS,DRAINAGE
TIMBER FOR STRUCTURES,STRUCTURES
TRAFFIC CONTROL FLAGGING,TRAFFIC_CONTROL
STONE MASONRY (ROCK WALL),STRUCTURES
CONSTRUCTION PERIMETER FENCE WITH SCREEN,SITE_WORK
ACCESS SHAFT CONSTRUCTION,STRUCTURES
CIVIL AND MECHANICAL SPECIFICATIONS FOR STORMWATER PUMP STATION,DRAINAGE
SETTLEMENT GAUGE WITH PLATES,EARTHWORK
"CONCRETE CURB, GUTTER, AND COMBINED CURB AND GUTTER",PAVEMENT
"INTERSECTIONS, DRIVEWAYS, AND TURNOUTS",PAVEMENT
METAL BEAM GUARD FENCE,SAFETY
CRASH CUSHION ATTENUATORS,SAFETY
INSTALLATION OF CELLULAR MODEM,SIGNALS
REMOVE OR RELOCATE HIGH MAST LIGHTING ASSEMBLIES,SIGNALS
"PREPARATION OF EXISTING CONDUITS, GROUND BOXES OR MANHOLES",SIGNALS
BACKLIT LED LEGEND ROADSIDE SIGN,TRAFFIC_CONTROL
OVERHEAD SIGNS,TRAFFIC_CONTROL
LED HIGH MAST ILLUMINATION POLE AND ASSEMBLY,SIGNALS
LED INTERNALLY ILLUMINATED STREET NAME SIGNS,TRAFFIC_CONTROL
FIBER OPTIC TRANSCEIVER,SIGNALS
TRUCK MOUNTED ATTENUATOR (TMA) AND TRAILER ATTENUATOR (TA),SAFETY
CELLULAR ROUTER,SIGNALS
LED UNDERPASS LIGHT ASSEMBLY,SIGNALS
RAISED PAVEMENT MARKERS,TRAFFIC_CONTROL
TEMPORARY TRAFFIC SIGNALS,SIGNALS
WATER MAINS AND SANITARY SEWERS,UTILITIES
REPAIR OF ULTRA-THIN AND THIN WHITE TOPPING,PAVEMENT
FERRY LANDING MAINTENANCE,SITE_WORK
DRY DOCKING 28 CAR DIESEL ELECTRIC FERRYBOATS,SITE_WORK
"SAFETY REST AREA MAINTENANCE, REPAIR AND OPERATION",SITE_WORK
FIBER-REINFORCED POLYMER PATCHING MATERIAL,PAVEMENT
GRAFFITI REMOVAL AND ANTI-GRAFFITI COATING,SITE_WORK
GUARD FENCE REPAIR,SAFETY
CARBON FIBER REINFORCED POLYMER,STRUCTURES
DURATION SPECIFIC (A+B),SITE_WORK
WINTER WEATHER MATERIALS (MATERIALS ONLY),SAFETY
CONCRETE SAND (MATERIALS ONLY),EARTHWORK
LANDSCAPE AMENITY (INTERPRETIVE SIGN),LANDSCAPE
LANDSCAPE AMENITY,LANDSCAPE
REMOVING TREATED AND UNTREATED BASE AND ASPHALT PAVEMENT,PAVEMENT
TOPSOIL,LANDSCAPE
ROADSIDE AMENITY,SITE_WORK
ULTRA-HIGH-PRESSURE WATER CUTTING TREATMENT,STRUCTURES
REINFORCED PAVING MAT FOR ASPHALT PAVEMENT OVERLAYS,PAVEMENT
PAVEMENT TEXTURING,PAVEMENT
POLYMERIC COMPOSITE PAVING GEOGRID FOR ASPHALT PAVEMENT OVERLAY REINFORCEMENT,PAVEMENT
STEEL BRIDGE ZONE PAINTING,STRUCTURES
PREFABRICATED SHADE STRUCTURE,SITE_WORK
CONCRETE SUPERSTRUCTURES,STRUCTURES
PRECAST PRESTRESSED CONCRETE STRUCTURAL MEMBERS,STRUCTURES
"FRAMES, GRATES, RINGS, AND COVERS",DRAINAGE
ADJUSTING MANHOLES AND INLETS,DRAINAGE
CLEANING EXISTING CULVERTS,DRAINAGE
RAISING EXISTING STRUCTURES,STRUCTURES
CONCRETE SCUPPER,DRAINAGE
SAFETY REST AREA,SITE_WORK
LANDSCAPE PAVERS,LANDSCAPE
FIBER OPTIC VIDEO DATA TRANSMISSION EQUIPMENT,SIGNALS
ETHERNET SWITCH,SIGNALS
EMBEDDED LED DYNAMIC MESSAGE SIGN SYSTEM,SIGNALS
LANE-USE CONTROL SIGNAL SYSTEM EQUIPMENT,SIGNALS
VANDALISM PROTECTION PANELS,SIGNALS
TRAFFIC SIGNALS,SIGNALS
TREATED TIMBER POLES,SIGNALS
COFW CELLULAR ROUTER (INSTALLATION ONLY),SIGNALS
LED ILLUMINATION ASSEMBLY,SIGNALS
REMOVAL AND PROPER DISPOSAL OF DRIFTWOOD AND DEBRIS,SITE_WORK
WATER MAINS,UTILITIES
DREDGING AND MOBILIZATION,SITE_WORK
PREPACKAGED CONCRETE (MATERIALS ONLY),PAVEMENT
REPAIR OF SPALLING IN CONCRETE PAVEMENT,PAVEMENT
STORMWATER TREATMENT UNIT - MEMBRANE FILTER,DRAINAGE
LITTER REMOVAL,SITE_WORK
WATER LINE CONSTRUCTION AND ADJUSTMENTS,UTILITIES
PICNIC AREA MAINTENANCE,SITE_WORK
POST AND CABLE FENCE,SITE_WORK
CONCRETE RAIL REPAIR,STRUCTURES
WINTER WEATHER MATERIALS (MATERIALS ONLY): VOID - DO NOT USE,SAFETY
FLEXIBLE BASE (MATERIALS),PAVEMENT
DENSE-GRADED HOT-MIX ASPHALT (MATERIALS ONLY),PAVEMENT
RADAR VEHICLE DETECTION SYSTEM COMPONENTS FOR SIGNALIZED INTERSECTION CONTROL (MATERIALS ONLY),SIGNALS
SAND (MATERIAL ONLY),EARTHWORK
BLADING,EARTHWORK
ROAD GRADER WORK,EARTHWORK
TIED-CONCRETE BLOCK EROSION CONTROL MAT,LANDSCAPE
COLD IN-PLACE RECYCLING (CIR) USING ASPHALT EMULSION,PAVEMENT
PENETRATING CONCRETE SURFACE TREATMENT,PAVEMENT
BRIDGE DECK OVERLAYS,STRUCTURES
AMPHIBIAN AND REPTILE EXCLUSION FENCE,LANDSCAPE
DRAGNET TRUCK ARRESTING SYSTEM,SAFETY
TRUCK-MOUNTED ATTENUATOR (TMA) AND TRAILER ATTENUATOR (TA),SAFETY
REMOVE AND RESET EXISTING PRECAST CONCRETE WHEEL STOPS,SITE_WORK
REMOVE AND RELOCATE FIRE HYDRANTS,UTILITIES
TRENCHLESS EXCAVATION FOR WATER AND WASTEWATER UTILITIES,UTILITIES
ITS SYSTEM SUPPORT EQUIPMENT,SIGNALS
NETWORKING INTELLIGENT TRANSPORTATION SYSTEM (ITS) COMMUNICATIONS CABLE,SIGNALS
BATTERY BACK-UP SYSTEM FOR SIGNAL CABINETS,SIGNALS
RADAR ADVANCE DETECTION DEVICE (INSTALLATION ONLY),SIGNALS
"SLDMS INSTALLATION, RELOCATION, AND REMOVAL",SIGNALS
LONGITUDINAL PREFABRICATED PAVEMENT MARKINGS WITH WARRANTY,TRAFFIC_CONTROL
LED NEIGHBORHOOD FRIENDLY HIGH MAST (NFHM) ILLUMINATION ASSEMBLIES,SIGNALS
CONCRETE ENCASED DUCT BANK,SIGNALS
UNDERGROUND CABLE VAULT,SIGNALS
INTELLIGENT TRANSPORTATION SYSTEM (ITS) GROUND BOX,SIGNALS
LED WRONG WAY DRIVER SYSTEM,SIGNALS
RECTANGULAR RAPID FLASHING BEACONS (RRFB),SIGNALS
SOLAR POWERED DRIVER FEEDBACK SPEED SIGN ASSEMBLY (PED POLE MOUNT),SIGNALS
JOINT DUCT BANK,SIGNALS
PREFABRICATED PAVEMENT MARKINGS,TRAFFIC_CONTROL
PREFABRICATED PAVEMENT MARKINGS AND RUMBLE STRIPS,TRAFFIC_CONTROL
TRAFFIC SIGNAL POLE ASSEMBLIES (STEEL),SIGNALS
CLEANING BRIDGE COMPONENTS,STRUCTURES
VACUUM CLEANING,SITE_WORK
AUTOMATED BARRICADE GATE SYSTEM,TRAFFIC_CONTROL
REPLACEMENT OF WATER AND SEWER LINES,UTILITIES
AUTOMATED BARRIER GATE REPAIR,SAFETY
WATERLINE REPLACEMENT,UTILITIES
AUTOMATED BARRICADE VERTICAL GATE SYSTEM,TRAFFIC_CONTROL
REPAIR CABLE BARRIER SYSTEM,SAFETY
REPLACING ELASTOMERIC BEARING PADS,STRUCTURES
Lime (Materials Only),EARTHWORK
EXCAVATION,EARTHWORK
COMPOST,LANDSCAPE
GEOGRID BASE REINFORCEMENT,PAVEMENT
DIAMOND GRINDING AND GROOVING PAVEMENT,PAVEMENT
REINFORCEMENT GRID FOR ASPHALT PAVEMENT,PAVEMENT
"SALVAGING, HAULING, AND STOCKPILING RECLAIMABLE ASPHALT PAVEMENT",PAVEMENT
SOUND WALLS,STRUCTURES
FLOWABLE BACKFILL,EARTHWORK
SPECIAL SURFACE FILLER,PAVEMENT
FOUNDATION LOAD TEST,STRUCTURES
STONE COLUMNS,EARTHWORK
PVC DECK DRAINS,DRAINAGE
SAFETY END TREATMENT,SAFETY
PIPE FOR DRAINS,DRAINAGE
GEOGRID REINFORCEMENT FOR EMBANKMENTS,EARTHWORK
RETROFIT DETECTABLE WARNING SURFACES,SITE_WORK
REMOVE AND REPLACE WOOD FENCE,SITE_WORK
CONSTRUCTING DETOURS,TRAFFIC_CONTROL
WROUGHT IRON FENCE,SITE_WORK
ITS SYSTEM INTEGRATION,SIGNALS
ROADWAY LIGHTING ASSEMBLY WITH LED FIXTURES,SIGNALS
LONGITUDINAL CHANNELIZING MOUNTABLE CURB SYSTEM,TRAFFIC_CONTROL
SPREAD SPECTRUM RADIOS FOR TRAFFIC SIGNALS,SIGNALS
LED BLANK-OUT SIGN ASSEMBLY,SIGNALS
SOLAR POWERED RECTANGULAR RAPID FLASHING BEACON ASSEMBLIES (RRFB),SIGNALS
DECORATIVE ILLUMINATION ASSEMBLY,SIGNALS
TRAY CABLE,SIGNALS
SMART WORK ZONE INTELLIGENT TRANSPORTATION SYSTEM,SIGNALS
TRAFFIC DATA COLLECTION SYSTEM-VEHICLE CLASSIFICATION(TDCS-VC),SIGNALS
PEDESTRIAN LED LIGHTING ASSEMBLY,SIGNALS
CTRMA ROADWAY ILLUMINATION ASSEMBLIES,SIGNALS
STORM SEWER (TELEVISION INSPECTION),DRAINAGE
TEMPORARY EMERGENCY GENERATOR,SIGNALS
LANE CLOSURES,TRAFFIC_CONTROL
INSTALLATION OF WATER LINES,UTILITIES
BRIDGE SUBSTRUCTURE DEBRIS CLEANING,STRUCTURES
HERBICIDE TREATMENT,LANDSCAPE
SUPERPAVE MIXTURES (MATERIALS ONLY),PAVEMENT
Hydraulic Cement (Materials Only),PAVEMENT
PRESSURE IRRIGATION POLYVINYL CHLORIDE (PVC) PIPE,LANDSCAPE
LOOSE AGGREGATE & BOULDERS,LANDSCAPE
SPRINKLING,LANDSCAPE
PROOF ROLLING,EARTHWORK
CEMENT TREATMENT (ROAD-MIXED),PAVEMENT
CONCRETE PAVEMENT WIDE FLANGE TERMINALS,SAFETY
EMULSIFIED ASPHALT TREATMENT,PAVEMENT
HOT-MIX COLD-LAID ASPHALT CONCRETE PAVEMENT,PAVEMENT
PERMEABLE FRICTION COURSE,PAVEMENT
FLEXIBLE PAVEMENT STRUCTURE REPAIR,PAVEMENT
TEMP CONSTRUCTION ACCESS,EARTHWORK
SPECIAL CONCRETE PROTECTIVE COAT,STRUCTURES
TEMPORARY CONSTRUCTION ACCESS,EARTHWORK
ASPHALTIC PLUG EXPANSION JOINT SYSTEM,STRUCTURES
TEMPORARY SPECIAL SHORING,EARTHWORK
STEEL PILING,STRUCTURES
PRESTRESSED CONCRETE PILING,STRUCTURES
PRECAST LIGHT POLE FOUNDATION,SIGNALS
STACKED STONE-BLOCK RETAINING WALL (DRY),STRUCTURES
CONCRETE SUBSTRUCTURES,STRUCTURES
ANCHOR BOLTS,STRUCTURES
WATERPROOFING MEMBRANES FOR STRUCTURES,STRUCTURES
"JUNCTION BOXES, MANHOLES, AND INLETS",DRAINAGE
REMOVING AND RE-LAYING CULVERT,DRAINAGE
FLOATING TURBIDITY BARRIER,LANDSCAPE
"TEMPORARY EROSION, SEDIMENTATION, AND ENVIRONMENTAL CONTROLS",LANDSCAPE
SALT SHED,SITE_WORK
HISTORICAL MARKER RELOCATION,SITE_WORK
COLORED TEXTURED CONCRETE,PAVEMENT
HIGH PERFORMANCE PAVEMENT MARKINGS WITH RETROREFLECTIVE REQUIREMENTS,TRAFFIC_CONTROL
PREFORMED IN-LANE (TRANSVERSE) AND CENTERLINE RUMBLE STRIPS,TRAFFIC_CONTROL
COMPUTERIZED TRANSPORTATION MANAGEMENT SYSTEM,SIGNALS
RADAR PRESENCE DETECTION DEVICES (INSTALLATION ONLY),SIGNALS
COMMUNICATIONS HUB BUILDING,SIGNALS
COMMUNICATION CABINET,SIGNALS
REMOVE AND RELOCATE EXISTING TRAFFIC MANAGEMENT EQUIPMENT,SIGNALS
DECORATIVE MEDALLION W/ LED BACKLIGHT,SIGNALS
LED HIGH MAST ILLUMINATION ASSEMBLIES,SIGNALS
ELECTRICAL CONDUCTORS,SIGNALS
TRUCK PARKING AVAILABILITY VEHICLE DETECTION SYSTEM,SIGNALS
TRAFFIC SIGNAL CABLES,SIGNALS
FENDER SYSTEM REPAIR,SAFETY
WATER AND SANITARY SEWER SYSTEMS,UTILITIES
PUMP STATIONS AND DRAINAGE SYSTEM CLEANING,DRAINAGE
BRIDGE JOINT REPAIR OR REPLACEMENT,STRUCTURES
TRAFFIC SIGNAL POLE ASSEMBLIES (STEEL) (MATERIALS ONLY),SIGNALS
LANDSCAPE AMENITY (DOUBLE-BANNER POLES),LANDSCAPE
LANDSCAPE ESTABLISHMENT,LANDSCAPE
AGGREGATES FOR SURFACE TREATMENTS,PAVEMENT
SUPERPAVE MIXTURES - BALANCED MIX DESIGN,PAVEMENT
REINFORCEMENT GRID FOR ASPHALT PAVEMENT OVERLAYS,PAVEMENT
DENSE-GRADED HOT-MIX ASPHALT,PAVEMENT
STONE-MIX ASPHALT,PAVEMENT
RELOCATE EXISTING TRUSS BRIDGE,STRUCTURES
WICK DRAINS,DRAINAGE
TIMBER RAIL BRIDGE CONSTRUCTION,STRUCTURES
RETAINING WALLS,STRUCTURES
BAT HOUSE,LANDSCAPE
PRECAST CONCRETE WHEEL STOPS,SITE_WORK
PORTABLE CHANGEABLE MESSAGE SIGN,TRAFFIC_CONTROL
STAINLESS STEEL SLIDE GATES,DRAINAGE
ORTHOPHOTO,SITE_WORK
ORNAMENTAL STEEL FENCE AND GATE,SITE_WORK
RECREATION EQUIPMENT,SITE_WORK
APPLIED FILM WALL MURAL,SITE_WORK
WIRE FENCE,SITE_WORK
PIPE UNDERDRAINS,DRAINAGE
PREPARATION OF EXISTING GROUND BOXES AND MANHOLES,SIGNALS
MULTI-DUCT CONDUIT SYSTEM,SIGNALS
RAISED PAVEMENT MARKERS FOR SEAL COAT PROJECT,TRAFFIC_CONTROL
HIGHWAY TRAFFIC SIGNALS (COFW),SIGNALS
PREFORMED IN-LANE (TRANSVERSE)/CENTERLINE RUMBLE STRIPS,TRAFFIC_CONTROL
GLOBAL POSITIONING SYSTEM (GPS) COMMUNICATION UNIT,SIGNALS
MPEG 4 VIDEO ENCODER,SIGNALS
WORK ZONE INTELLIGENT TRANSPORTATION SYSTEM,SIGNALS
ELECTRICAL SERVICES,SIGNALS
SIGNS,TRAFFIC_CONTROL
LARGE ROADSIDE SIGN SUPPORTS AND ASSEMBLIES,TRAFFIC_CONTROL
LED STRIP LIGHT (WHITE),SIGNALS
DECORATIVE MEDALLION ASSEMBLY WITH LIGHT-EMITTING DIODE (LED) BACKLIGHTING,SIGNALS
LED DECORATIVE BRIDGE LIGHTING STRING ASSEMBLY,SIGNALS
LED DECORATIVE GUARDRAIL POST LIGHTING,SIGNALS
TEMPORARY ELECTRIC GENERATOR,SIGNALS
MOBILE RETROREFLECTIVITY DATA COLLECTION FOR PAVEMENT MARKINGS,TRAFFIC_CONTROL
ROADSIDE FLASHING BEACON ASSEMBLIES,SIGNALS
MAINTENANCE OF TRAFFIC SIGNALS AND ILLUMINATION,SIGNALS
MAINTENANCE SPEED LIMIT SIGNING,TRAFFIC_CONTROL
WATER MAINS AND SERVICE LINES,UTILITIES
DRY DOCKING 28-CAR FERRYBOAT,SITE_WORK
LANE CLOSURES (HOURLY),TRAFFIC_CONTROL
ROADSIDE MOWING,LANDSCAPE
WATER MAIN RELOCATION,UTILITIES
STEEL MEMBER REPAIR,STRUCTURES
DENSE-GRADED HOT-MIX ASPHALT (SMALL QUANTITY) (MATERIALS ONLY),PAVEMENT
ASPHALT CONCRETE PATCHING MATERIAL (STOCKPILE STORAGE OR BAGGED) (MATERIAL ONLY),PAVEMENT
WINTER WEATHER MATERIALS (CLEAR ROADS MATERIALS),SAFETY
SMALL ROADSIDE SIGN ASSEMBLIES (MATERIALS ONLY),TRAFFIC_CONTROL
DEEP SOIL-CEMENT MIXING (DSCM),EARTHWORK
FRICTIONAL ASPHALTIC SURFACE PRESERVATION TREATMENT,PAVEMENT
COLD IN-PLACE RECYCLING (CIR) USING FOAMED ASPHALT,PAVEMENT
FABRIC UNDERSEAL,PAVEMENT
PERMEABLE CONCRETE EDGE DRAIN,DRAINAGE
THERMOPLASTIC PIPE,DRAINAGE
SPECIAL PROTECTIVE COAT,STRUCTURES
BRIDGE BEARINGS,STRUCTURES
METAL FOR STRUCTURES,STRUCTURES
HEADWALLS AND WINGWALLS,DRAINAGE
CONCRETE BRIDGE DECK SURFACING,STRUCTURES
PRE-ENGINEERED METAL BUILDING AND CANOPY,SITE_WORK
PORTABLE TRAFFIC BARRIER,SAFETY
SHAFT CONSTRUCTION,STRUCTURES
DUCT CABLE,SIGNALS
INTELLIGENT TRANSPORTATION SYSTEM (ITS) GROUND MOUNTED CABINET,SIGNALS
MULTI-SENSOR VEHICLE DETECTION SYSTEM FOR SIGNALIZED INTERSECTION,SIGNALS
REMOVE HUB BUILDING,SIGNALS
TEMPORARY QUEUE DETECTION SYSTEM,SIGNALS
5 GHZ ETHERNET RADIO,SIGNALS
PEDESTRIAN ILLUMINATION ASSEMBLY,SIGNALS
SOLAR POWERED LIGHT EMITTING DIODE (LED) ROADSIDE SIGN,TRAFFIC_CONTROL
TEMPORARY TRAVEL TIME SYSTEM,SIGNALS
SOLAR POWERED VEHICLE DETECTION ACTIVATED LED EMBEDDED SIGN,SIGNALS
TUNNEL LIGHTING,SIGNALS
LIGHTING CONTROL SYSTEM,SIGNALS
LED DECORATIVE BRIDGE COLUMN SPOT LIGHTING ASSEMBLY,SIGNALS
DECORATIVE METALWORK LED BACKLIGHTING,SIGNALS
DELINEATOR AND OBJECT MARKER ASSEMBLIES,TRAFFIC_CONTROL
ELIMINATING EXISTING PAVEMENT MARKINGS AND MARKERS,TRAFFIC_CONTROL
DEBRIS REMOVAL AND DISPOSAL,SITE_WORK
BATCH DETENTION SYSTEM,DRAINAGE
MAINTENANCE COMPUTER-CONTROLLED CARTRIDGE FILTER SYSTEM,DRAINAGE
FLANGED-END FLAT BOTTOM CHECK VALVE,DRAINAGE
RELOCATION OF MARINE REPAIR EQUIPMENT,SITE_WORK
DRY DOCKING 20-CAR FERRYBOAT,SITE_WORK
VALVE AND PIPE,DRAINAGE
DEBRIS REMOVAL,SITE_WORK
SIPHON PUMPING STATION,DRAINAGE
CLEANING AND RESHAPING DITCHES,DRAINAGE
PERMANENT CONCRETE TRAFFIC BARRIER REPAIR,SAFETY
WINTER WEATHER MATERIALS (CLEAR ROADS MATERIALS): VOID - DO NOT USE,SAFETY
ASPHALTIC CONCRETE PATCHING MATERIAL (STOCKPILE STORAGE OR BAGGED) (MATERIALS ONLY),PAVEMENT
LARGE ROADSIDE SIGN SUPPORTS AND ASSEMBLIES (MATERIALS ONLY),TRAFFIC_CONTROL
BASE MOUNTED TRAFFIC DATA COLLECTION CABINET,SIGNALS
CROSS-STITCHING LONGITUDINAL JOINTS,PAVEMENT
PRESSURE IRRIGATION PVC PIPE,LANDSCAPE
REMOVING CONCRETE,SITE_WORK
OBLITERATING ABANDONED ROADWAY,EARTHWORK
ULTRA HIGH PRESSURE WATER CUTTING TREATMENT,STRUCTURES
FOAMED ASPHALT TREATMENT (ROAD-MIXED),PAVEMENT
THIN OVERLAY MIXTURES (TOM),PAVEMENT
CONCRETE PAVEMENT,PAVEMENT
FENDER REPAIR,SAFETY
NEAR SURFACE MOUNTED TITANIUM STRENGTHENING,STRUCTURES
CAST-IN-PLACE NOISE WALLS,STRUCTURES
COMPACTION GROUTING,EARTHWORK
THERMOPLASTIC PIPE CULVERTS AND DRAINS,DRAINAGE
RETROFIT RAILING,STRUCTURES
GABIONS AND GABION MATTRESSES,DRAINAGE
RETROFIT DETECTABLE WARNING SURFACE,SITE_WORK
BOLLARDS,SAFETY
BIRD EXCLUSION METHODS,LANDSCAPE
RUMBLE STRIPS,TRAFFIC_CONTROL
PREVENTIVE MAINTENANCE OF TRAFFIC SIGNALS,SIGNALS
MODULAR GLARE SCREENS FOR HEADLIGHT BARRIER,SAFETY
VIDEO IMAGING VEHICLE DETECTION SYSTEMS MAINTENANCE,SIGNALS
WRONG WAY DRIVER SIGN(S) AND RADAR EQUIPMENT,SIGNALS
ROADWAY ILLUMINATION ASSEMBLIES,SIGNALS
HIGH MAST ILLUMINATION POLES,SIGNALS
CONDUIT,SIGNALS
DECORATIVE MEDALLION ASSEMBLY WITH LED BACKLIGHTING,SIGNALS
RADAR VEHICLE SENSING DEVICE,SIGNALS
HIGH MAST LIGHTING ASSEMBLIES,SIGNALS
OVERHEAD AND UNDERGROUND ELECTRIC DISTRIBUTION,SIGNALS
WATER MAIN REPLACEMENTS,UTILITIES
FERRY LANDING AND FACILITIES UPGRADE,SITE_WORK
FIBER REINFORCED POLYMER PATCHING MATERIAL,PAVEMENT
CONCRETE CRACK REPAIR,STRUCTURES
AGGREGATES FOR SURFACE TREATMENTS (MATERIALS ONLY),PAVEMENT
ASPHALT STABILIZED BASE (MATERIALS ONLY),PAVEMENT
BATTERY BACK-UP SYSTEM COMPONENTS FOR SIGNAL CABINETS (MATERIALS ONLY),SIGNALS
"HERBICIDES, INSECTICIDES, AND ADDITIVES (MATERIALS ONLY)",LANDSCAPE
TREE PROTECTION,LANDSCAPE
TUNNEL BORING MACHINE,EARTHWORK
VEGETATIVE WATERING,LANDSCAPE
REWORKING BASE COURSES,PAVEMENT
LIME TREATMENT (ROAD-MIXED),PAVEMENT
HIGH FRICTION SURFACE TREATMENT,PAVEMENT
EXCAVATION AND BACKFILL FOR STRUCTURES,EARTHWORK
REMOVAL AND INSTALLATION OF SLUICE GATE,DRAINAGE
FIELD CLEANING AND PAINTING STEEL,STRUCTURES
CONCRETE BOX CULVERTS AND DRAINS,DRAINAGE
REMOVING STRUCTURES,STRUCTURES
PEDESTRIAN BARRIER,SAFETY
"BARRICADES, SIGNS, AND TRAFFIC HANDLING",TRAFFIC_CONTROL
BARRIER GATES,SAFETY
RAISED TRAFFIC SEPARATOR CURB GUIDANCE SYSTEM REPAIR,SAFETY
STONE MASONRY HEADWALL AND ROCK WALL,DRAINAGE
FILLING MILLED ASPHALT RUMBLE STRIPS,TRAFFIC_CONTROL
GUARDRAIL END TREATMENTS,SAFETY
RIDE QUALITY FOR PAVEMENT STRUCTURES,PAVEMENT
RADAR VEHICLE DETECTION SYSTEM FOR SIGNALIZED INTERSECTION CONTROL,SIGNALS
DIGITAL CLOSED-CIRCUIT TELEVISION (CCTV) FIELD EQUIPMENT,SIGNALS
TRAILER MOUNTED SOLAR POWERED RADAR SPEED CONTROL MONITOR,SIGNALS
"DMS REPLACEMENT, RELOCATION, AND REMOVAL",SIGNALS
REFURBISH RAISED REFLECTIVE PAVEMENT MARKERS,TRAFFIC_CONTROL
ALUMINUM ELECTRICAL CONDUCTORS,SIGNALS
RAILROAD PREEMPTION SYSTEM,SIGNALS
LED WRONG WAY DRIVER SYSTEM (THERMAL),SIGNALS
TEMPORARY SOLAR ROADWAY ILLUMINATION,SIGNALS
ALL-WEATHER THERMOPLASTIC PAVEMENT MARKINGS,TRAFFIC_CONTROL
SURVEILLANCE SYSTEM LOOP DETECTOR,SIGNALS
ZINC-COATED STEEL WIRE STRAND,STRUCTURES
OVER-HEIGHT VEHICLE DETECTION AND WARNING SYSTEM,SIGNALS
HIGH PERFORMANCE PAVEMENT MARKINGS-RIBBON WITH RETROREFLECTIVE REQUIREMENTS,TRAFFIC_CONTROL
BRIDGE LIGHTING DMX CONTROL SYSTEM,SIGNALS
DECORATIVE ACCENT LIGHTING ASSEMBLY,SIGNALS
THREE-PHASE ELECTRICAL SERVICE,SIGNALS
WELDED STEEL CASING PIPE (OPEN CUT),UTILITIES
NATURAL GAS PIPELINE,UTILITIES
WATER MAIN RELOCATIONS AND ROUTINE APPURTENANCE ADJUSTMENTS,UTILITIES
I-30 WATER AND SANITARY SEWER RELOCATIONS (FORT WORTH),UTILITIES
RIPRAP (MATERIALS ONLY),DRAINAGE
HYDRAULIC CEMENT CONCRETE (MATERIALS ONLY),PAVEMENT
